Название,Цена,Ссылка
Подвесной светильник Сансет Black,6290руб.,https://www.divan.ru/saransk/product/podvesnoj-svetilnik-sanset-black
Торшер Билли Black,20 680руб.,https://www.divan.ru/saransk/product/torsher-billi-black
Подвесной светильник Бабл-9,20 990руб.,https://www.divan.ru/saransk/product/podvesnoj-svetilnik-babl-9
Торшер Бабл-1,7340руб.,https://www.divan.ru/saransk/product/torsher-babl-1
Подвесной светильник Бабл-3,7340руб.,https://www.divan.ru/saransk/product/podvesnoj-svetilnik-babl-3
Бра Бабл Black,2090руб.,https://www.divan.ru/saransk/product/bra-babl-black
Настольная лампа Дэнди Black,4190руб.,https://www.divan.ru/saransk/product/nastolnaya-lampa-dendi-black
Настольная лампа Дэнди White,4190руб.,https://www.divan.ru/saransk/product/nastolnaya-lampa-dendi-white
Торшер Варио White,6290руб.,https://www.divan.ru/saransk/product/torsher-vario-white
Бра Варио Black,1570руб.,https://www.divan.ru/saransk/product/bra-vario-black
Бра Варио White,1570руб.,https://www.divan.ru/saransk/product/bra-vario-white
Подвесной светильник Сансет White,6290руб.,https://www.divan.ru/saransk/product/podvesnoj-svetilnik-sanset-white
Подвесной светильник Кэндел Black,4190руб.,https://www.divan.ru/saransk/product/podvesnoj-svetilnik-kendel-black
Подвесной светильник Кэндел White,4190руб.,https://www.divan.ru/saransk/product/podvesnoj-svetilnik-kendel-white
Настольная лампа Гровер Glass,6290руб.,https://www.divan.ru/saransk/product/nastolnaya-lampa-grover-glass
Настольная лампа Рэй Black,3770руб.,https://www.divan.ru/saransk/product/nastolnaya-lampa-rej-black
Торшер Рэй White,5870руб.,https://www.divan.ru/saransk/product/torsher-rej-white
Торшер Мун Black,9440руб.,https://www.divan.ru/saransk/product/torsher-mun-black
Торшер Варио Black,6290руб.,https://www.divan.ru/saransk/product/torsher-vario-black
Настольная лампа Раффи Round,7550руб.,https://www.divan.ru/saransk/product/nastolnaya-lampa-raffi-round
Торшер Гросс White,8390руб.,https://www.divan.ru/saransk/product/torsher-gross-white
Бра Moderli Alina,3350руб.,https://www.divan.ru/saransk/product/bra-moderli-alina
Подвесной светильник Маро Green,10 490руб.,https://www.divan.ru/saransk/product/podvesnoj-svetilnik-maro-green
Настольная лампа Машрум Grey,4820руб.,https://www.divan.ru/saransk/product/nastolnaya-lampa-mashrum-grey
Настольная лампа Рэй White,3770руб.,https://www.divan.ru/saransk/product/nastolnaya-lampa-rej-white
Торшер Мирано Black,9130руб.,https://www.divan.ru/saransk/product/torsher-mirano-black
Светильник потолочный Matthew,5980руб.,https://www.divan.ru/saransk/product/svetilnik-potolochnyj-matthew
Спот Лайт-1 Black,2830руб.,https://www.divan.ru/saransk/product/spot-lajt-1-black
Настольная лампа Сфера Black,5660руб.,https://www.divan.ru/saransk/product/nastolnaya-lampa-sfera-black
Люстра Монти-3 White,12 070руб.,https://www.divan.ru/saransk/product/lyustra-monti-3-white
Бра Galdakao-1,6920руб.,https://www.divan.ru/saransk/product/bra-galdakao
Подвесной светильник Tureis,4090руб.,https://www.divan.ru/saransk/product/podvesnoj-svetilnik-tureis
Люстра Монти-5 White,18 050руб.,https://www.divan.ru/saransk/product/lyustra-monti-5-white
Подвесной светильник Лиму-3 Black,5870руб.,https://www.divan.ru/saransk/product/podvesnoj-svetilnik-limu-3-black
Торшер Билли White,20 680руб.,https://www.divan.ru/saransk/product/torsher-billi-white
Бра Cornus Silver,5870руб.,https://www.divan.ru/saransk/product/bra-cornus-silver
Спот Олден Brown,1150руб.,https://www.divan.ru/saransk/product/spot-olden-brown
Бра Куб White,2300руб.,https://www.divan.ru/saransk/product/bra-kub-white
Ландшафтный светильник Визор Black,4720руб.,https://www.divan.ru/saransk/product/landshaftnyj-svetilnik-vizor-black
Бра Bolla-Unica,5560руб.,https://www.divan.ru/saransk/product/bra-bolla-unica
Люстра Леон-5 Black,11 860руб.,https://www.divan.ru/saransk/product/lyustra-leon-5-black
Настольная лампа Мист Black,5870руб.,https://www.divan.ru/saransk/product/nastolnaya-lampa-mist-black
Настольная лампа Palla Grey,14 270руб.,https://www.divan.ru/saransk/product/nastolnaya-lampa-palla-grey
Подвесной светильник Фаро-3 White,6820руб.,https://www.divan.ru/saransk/product/podvesnoj-svetilnik-faro-3-white
Люстра Нейва-4 Black,7130руб.,https://www.divan.ru/saransk/product/lyustra-nejva-4-black
Люстра Альби-6 Black,4930руб.,https://www.divan.ru/saransk/product/lyustra-albi-6-black
Бра Лима Black,2510руб.,https://www.divan.ru/saransk/product/bra-lima-black
Бра Техно Стрикт-2 Black,2410руб.,https://www.divan.ru/saransk/product/bra-tehno-strikt-2-black
